study_id,country/setting,line_or_state,mean_utility,se_or_ci,instrument,n (patients),citation_full,notes,Url,state_category,norm_line,mean_utility_3dp
AlHabash2024,Jordan,mCRC General (mixed lines of therapy),0.78,SD = 0.25,EQ-5D-3L (Jordanian tariff),164,Recent study (2024) of mCRC patients in Jordan. Mean utility 0.78; range -0.32 to 1.0. Pain/discomfort most common problem (55%).,,,,general (mixed lines of therapy),0.78
AlHusaini2025,Jordan,"mCRC (general, mixed treatment)",0.78,SD = 0.25,EQ-5D-3L (Jordanian tariff),164,"Al-Husaini M, et al. Measuring health-related quality of life of patients with metastatic colorectal cancer using the Jordanian EQ-5D-3L value set: a cross-sectional observational study. BMC Cancer. 2025;25:1123.",Recent cross-sectional; utilities lower with multiple mets/lines; patient-reported.,,,"(general, mixed treatment)",0.78
Aranda2020,Spain,mCRC (Routine Practice),0.76,(Estimated),EQ-5D-3L,225,"Aranda et al. (ObservEr Study), 2020",Observational study in Southern Europe (incl. Spain). QoL maintained ~0.76 during Cetuximab treatment.,"Aranda2020
Citation: Aranda et al., 2020, Future Oncology, ""Observational study of cetuximab (ObservEr)"".
URL: https://doi.org/10.2217/fon-2020-0062",,(routine practice),0.76
Best2010,USA,Metastatic stable (PFS-like),0.4,not reported,TTO,100,"Best JH, et al. Preference values associated with stage III colon cancer and adjuvant chemotherapy. Qual Life Res. 2010;19(3):391400. doi: 10.1007/s11136-010-9589-5.","Valued by CRC patients for hypothetical mCRC states; notably low, possibly due to vignette description.",https://pubmed.ncbi.nlm.nih.gov/33313984/,,metastatic stable (pfs-like),0.4
Best2010,USA,Metastatic progressive (PD-like),0.37,not reported,TTO,100,"Best JH, et al. Preference values associated with stage III colon cancer and adjuvant chemotherapy. Qual Life Res. 2010;19(3):391400. doi: 10.1007/s11136-010-9589-5.",Same study; patient valuation for progressed hypothetical state.,,,metastatic progressive (pd-like),0.37
Borchert2020,Germany,"mCRC (advanced/metastatic, mixed states)",0.82,NR,EQ-5D-5L,433,"Borchert et al., 2020, Health Economics Review",German registry of advanced CRC (n=433) found mean EQ-5D-5L = 0.82.,https://doi.org/10.1186/s13561-020-00297-6,,"(advanced/metastatic, mixed states)",0.82
Borchert2020,Germany,mCRC (Advanced/Metastatic),0.82,SD = 0.23,EQ-5D-5L (German tariff),433,"Borchert et al., 2020, BMC Health Serv Res",Large German registry study. High mean utility (0.82) for patients 024 months post-1st line palliative therapy.,"Borchert2020
Citation: Borchert et al., 2020, BMC Health Services Research, ""Health-related quality of life, health service use and economic burden of colorectal cancer in Germany"".
URL: https://doi.org/10.1186/s12913-020-4916-1",,(advanced/metastatic),0.82
Borchert2020,Germany,mCRC Palliative (Symptomatic),0.77,(derived from decrement),EQ-5D-5L (German tariff),433,"Borchert et al., 2020, BMC Health Serv Res",Fatigue and pain significantly reduced utility (approx -0.05 combined marginal effect). Proxy for symptomatic/progressing state.,"Borchert2020
Citation: Borchert et al., 2020, BMC Health Services Research, ""Health-related quality of life, health service use and economic burden of colorectal cancer in Germany"".
URL: https://doi.org/10.1186/s12913-020-4916-1",PD-like,palliative (symptomatic),0.77
CORRECT trial,Global,PFS,0.73,,EQ-5D,~505,Grothey et al. 2013; Lancet 381:303-12,,,,pfs,0.73
CORRECT trial,Global,Progressed disease,0.59,,EQ-5D,,Largest PFSPD decrement observed,,,PD-like,progressed disease,0.59
CORRECT*,International,mCRC PFS state (regorafenib trial),0.76,95% CI [0.75-0.77],EQ-5D,505,CORRECT trial of regorafenib vs placebo in refractory mCRC. Utility for progression-free state derived from trial QoL data.,,,,pfs state (regorafenib trial),0.76
CORRECT*,International,mCRC PD state (post-progression),0.69,95% CI [0.66-0.71],EQ-5D,505,Same trial; utility for progressed disease state. Widely cited in cost-effectiveness analyses of refractory mCRC treatments.,,,PD-like,pd state (post-progression),0.69
Djalalov2014 meta-analysis,Pooled,Stage I-III (>1yr post-surgery),0.9,,TTO,"6,546",Meta-analysis of 26 studies,,,,stage i-iii (>1yr post-surgery),0.9
Farkkila 2013,Finland,Metastatic (Active Tx),0.82,95% CI [0.780.86],EQ-5D-3L,~100,,,,,metastatic (active tx),0.82
Farkkila 2013,Finland,Palliative Care (End-stage),0.643,95% CI [0.550.73],EQ-5D-3L,46,,,,PD-like,palliative care (end-stage),0.643
Farkkila2013,Finland,mCRC Metastatic disease (not on hospice care),0.82,95% CI ≈ [0.78–0.86],EQ-5D-3L (Finnish tariff),~100 (est.),"Färkkilä et al., 2013, Colorectal Dis.",National sample of CRC patients: those with metastatic disease (on treatment) had mean EQ-5D ≈ 0.82.,,PFS-like,metastatic disease (not on hospice care),0.82
Farkkila2013,Finland,"mCRC Palliative care (advanced, end-stage)",0.643,95% CI ≈ [0.55–0.73],EQ-5D-3L (Finnish tariff),46,"Färkkilä et al., 2013, Colorectal Dis.",Same study: patients in palliative care (late-stage mCRC) had much lower utility (~0.64).,,PD-like,"palliative care (advanced, end-stage)",0.643
Färkkilä2013,Finland,Metastatic disease,0.82,95% CI: 0.7830.858,EQ-5D-3L (UK TTO),~100*,Higher than other mCRC estimates,,,,metastatic disease,0.82
Färkkilä2013,Finland,Palliative care,0.643,CI 0.546-0.747,EQ-5D,,"Färkkilä N, Sintonen H, et al. Health-related quality of life in colorectal cancer patients: a follow-up study. Anticancer Res. 2013;33(2):643-9.",PD-like: End-stage/palliative setting.,,PD-like,palliative care,0.643
Färkkilä2013,Finland,Primary treatment,0.76,95% CI: 0.6990.823,EQ-5D-3L (UK TTO),~100*,Comparable to 2L mCRC values,,,,primary treatment,0.76
Färkkilä2013,Finland,Remission,0.85,95% CI: 0.8280.882,EQ-5D-3L (UK TTO),~150*,Consistent with Ramsey survivors,,,,remission,0.85
Farkkila2014,Finland,"End-stage colorectal cancer (advanced, PD-like)",0.662,not reported,EQ-5D-3L,40,"Färkkilä N, et al. Health-related quality of life among breast, prostate, and colorectal cancer patients with end-stage disease. Qual Life Res. 2014;23(5):13871394. doi: 10.1007/s11136-013-0562-y.",Cross-sectional study of end-stage cancer patients; utility for CRC subgroup (est. n).,,,"end-stage colorectal cancer (advanced, pd-like)",0.662
Gamo2017,Spain,mCRC Progression-Free (RAS WT),0.81,(Modelled),EQ-5D (Dolan algorithm),(PRIME Trial),"Gamo et al., 2017, J Med Econ",Spanish cost-effectiveness analysis of Panitumumab. Adapted PRIME trial data; estimated PFS utility ~0.81 for RAS WT.,"Gamo2017
Citation: Gamo et al., 2017, Journal of Medical Economics, ""Cost-effectiveness analysis in the Spanish setting of the PEAK trial of panitumumab..."".
URL: https://doi.org/10.1080/13696998.2017.1285780",,progression-free (ras wt),0.81
Guren2021 meta-analysis,Pooled,Palliative phase,0.67,95% CI: 0.620.73,EQ-5D,11 studies,Systematic review of palliative CRC,,,PD-like,palliative phase,0.67
Hobbins2018,Ireland,Irish General Population (Reference),0.85,(Population Norm),EQ-5D-5L (Irish tariff),1160,"Hobbins et al., 2018, PharmacoEconomics",Established the Irish value set. Shows Irish population values are generally lower than UK for pain/anxiety states.,"Hobbins2018
Citation: Hobbins et al., 2018, PharmacoEconomics, ""Utility Values for Health States in Ireland: A Value Set for the EQ-5D-5L"".
URL: https://doi.org/10.1007/s40273-018-0690-x",,irish general population (reference),0.85
Lee2017,Korea,Metastatic colon cancer (general mCRC),0.47,SD = 0.32,SG,607,"Lee JY, et al. Estimating utility weights and quality-adjusted life year loss for colorectal cancer-related health states in Korea. Sci Rep. 2017;7:5571. doi: 10.1038/s41598-017-06004-6.","Hypothetical valuation by general population; reflects societal perspective, lower than patient-reported.",,,metastatic colon cancer (general ),0.47
Lloyd2006,UK,Stage IV rectal or colon cancer,0.25,Median = 0.20,SG (Standard Gamble),81,"Lloyd et al., 2006, Aliment Pharmacol Ther",Consistent with Ness; adenoma patients valued Stage IV very low (0.25). Highlights gap between hypothetical & real experience.,"Lloyd2006[1]
Citation: Lloyd et al., 2006, Alimentary Pharmacology & Therapeutics, ""Utility values for metastatic breast, lung, prostate, and colorectal cancer"".
URL: https://doi.org/10.1111/j.1365-2036.2006.03138.x",,stage iv rectal or colon cancer,0.25
MABEL study,UK,On bevacizumab treatment,0.71,Range: 0.710.95,EQ-5D,,Used in NICE TA118,,,,on bevacizumab treatment,0.71
Mittmann 2009,CAN/AUS,Refractory Baseline (Before 3L),0.72,SD ? 0.24,HUI3,571,,,,PD-like,refractory baseline (before 3l),0.72
Mittmann 2009,CAN/AUS,Progression (BSC Arm),0.45,Not reported,HUI3,279,,,,,progression (bsc arm),0.45
Mittmann2009,Canada/Australia,"mCRC Refractory (baseline before 3L, mixed)",0.72,SD ≈ 0.24,HUI3,571 (trial),"Mittmann et al., 2009, JNCI (CO.17 trial)",NCIC CO.17 trial (cetuximab vs BSC in refractory mCRC). Baseline mean HUI3 ≈ 0.72. (Cetuximab maintained QoL vs BSC).,,PD-like,"refractory (baseline before 3l, mixed)",0.72
Mittmann2009,Canada/Australia,mCRC Progression (progressed on BSC),0.45,(not reported),HUI3,279 (BSC arm),"Mittmann et al., 2009, JNCI – reported in Merck/NICE submission","In BSC arm, utilities declined (approx 0.45 at progression/end) – substantially lower than in cetuximab arm. (Implied from cost-effectiveness analysis).",,PD-like,progression (progressed on bsc),0.45
Mittmann2009,Canada/Australia,Refractory (baseline before 3L),0.72,SD = 0.24,HUI3,571,"Mittmann et al., 2009, JNCI (CO.17 trial)",Baseline for refractory mCRC patients (CO.17 trial). Shows decent QoL (0.72) even in 3rd line.,"Mittmann2009
Citation: Mittmann et al., 2009, Journal of the National Cancer Institute, ""Prospective Cost-Effectiveness Analysis of Cetuximab in Metastatic Colorectal Cancer"".
URL: https://doi.org/10.1093/jnci/djp232",PD-like,refractory (baseline before 3l),0.72
Mittmann2009,Canada/Australia,Baseline refractory mCRC (cetuximab arm),0.72,Not reported,HUI3 (Canadian),269,CO.17 trial; progression-free at randomization,,,PD-like,baseline refractory (cetuximab arm),0.72
Mittmann2009,Canada/Australia,Baseline refractory mCRC (BSC arm),0.71,Not reported,HUI3 (Canadian),249,Similar baseline across arms,,,PD-like,baseline refractory (bsc arm),0.71
Mittmann2009 (reanalysis),Canada/Australia,PFS state (cetuximab),0.81,Not reported,HUI3 (Canadian),170,Merck Serono reanalysis via NICE,,,,pfs state (cetuximab),0.81
Mittmann2009 (reanalysis),Canada/Australia,PFS state (BSC),0.75,Not reported,HUI3 (Canadian),294,Pooled assessment timepoints,,,,pfs state (bsc),0.75
Mittmann2009 (reanalysis),Canada/Australia,Progressive disease (pooled),0.693,Not reported,HUI3 (Canadian),78,Notably lower than PFS,,,,progressive disease (pooled),0.693
NCPE2014,Ireland,mCRC Baseline (Pre-progression),0.77,95% CI [0.750.79],EQ-5D-3L (UK tariff applied),523 (Trial),"NCPE Assessment (Aflibercept), 2014","value from VELOUR trial used in Irish HTA. NCPE noted ""mCRC specific values [for Ireland] were not available.""","NCPE2014
Citation: National Centre for Pharmacoeconomics (NCPE) Ireland, 2014, ""Cost effectiveness of aflibercept (Zaltrap®) in combination with FOLFIRI..."".
URL: https://www.ncpe.ie/drugs/aflibercept-zaltrap/",PFS-like,baseline (pre-progression),0.77
Ness 1999,USA,mCRC State (General),0.25,Not reported,SG,48,,,,,state (general),0.25
Ness1999,USA,"mCRC state (metastatic CRC, general)",0.25,(not reported),SG (Standard Gamble),48 (with adenomas),"Ness et al., 1999, Am. J. Gastroenterol.",Very low utility for metastatic CRC state when valued by people with past polyps. (Perspective: patients without CRC envisioning metastatic disease).,,,"state (metastatic crc, general)",0.25
Ness1999,US,Hypothetical Stage IV mCRC,0.25,N/A (Median 0.20),SG,81,"Ness RM, Holmes AM, et al. Utility valuations for outcome states of colorectal cancer. Am J Gastroenterol. 1999;94(6):1650-7.",PD-like: Extremely low valuation by surrogate population (adenoma patients).,,,hypothetical stage iv,0.25
Ness1999,USA,Hypothetical Stage III colon,0.67,Median: 0.75,Standard gamble,81,Same methodology,,,,hypothetical stage iii colon,0.67
Ness1999,USA,Stage II/III rectal with ostomy,0.5,Median: 0.55,Standard gamble,81,Reflects ostomy burden,,,,stage ii/iii rectal with ostomy,0.5
"NICE TA1008 (2023)


(Assessment Group)",UK,"Stable 3rd line mCRC (Pooled trials: CORRECT, CONCUR, Cetuximab)",0.76,Not reported,EQ-5D,,,,,,"stable 3rd line (pooled trials: correct, concur, cetuximab)",0.76
"NICE TA1008 (2023)


(Assessment Group)",UK,"Progressed 3rd line mCRC (Pooled trials: CORRECT, CONCUR, Cetuximab)",0.64,Not reported,EQ-5D,,,,,PD-like,"progressed 3rd line (pooled trials: correct, concur, cetuximab)",0.64
Odom2011,Multinational,Refractory mCRC on panitumumab + BSC (baseline),0.72,not reported,EQ-5D,499,"Odom D, et al. Health-related quality of life and colorectal cancer-specific symptoms in patients with chemotherapy-refractory metastatic disease treated with panitumumab. Int J Colorectal Dis. 2011;26(2):17381. doi: 10.1007/s00384-010-1112-5.",ASPECCT trial baseline utility in treatment arm; refractory mCRC on 3L therapy.,,PD-like,refractory on panitumumab + bsc (baseline),0.72
Odom2011,Multinational,Refractory mCRC on BSC (baseline),0.68,not reported,EQ-5D,500,"Odom D, et al. Health-related quality of life and colorectal cancer-specific symptoms in patients with chemotherapy-refractory metastatic disease treated with panitumumab. Int J Colorectal Dis. 2011;26(2):17381. doi: 10.1007/s00384-010-1112-5.",Same trial baseline in BSC arm; represents progressed/refractory state.,,PD-like,refractory on bsc (baseline),0.68
Petrou 1997,UK,Progressive disease (mCRC progressed),0.575,not reported,SG,not reported,"Petrou S, Campbell N. Stabilisation in colorectal cancer. Int J Palliat Nurs. 1997;3(5):275.",Same study; surrogates valuation for progressive state in advanced mCRC.,https://pmc.ncbi.nlm.nih.gov/articles/PMC12588013/,PD-like,progressive disease ( progressed),0.575
Petrou1997,UK,Stable disease (mCRC on treatment),0.95,not reported,SG,not reported,"Petrou S, Campbell N. Stabilisation in colorectal cancer. Int J Palliat Nurs. 1997;3(5):275.",Valued by surrogates (nurses) for terminally ill mCRC patients; high value reflecting perceived QoL benefit of stabilisation.,https://pubmed.ncbi.nlm.nih.gov/24178630/,,stable disease ( on treatment),0.95
Pourrahmat2021,Pooled,Stage IV CRC,0.662,,EQ-5D-3L,,Cross-cancer stage utility review,,,,stage iv crc,0.662
Pourrahmat2021,Pooled,Stage IV CRC,0.764,,15D,,Higher with Finnish instrument,,,,stage iv crc,0.764
PRECONNECT2019,Germany,"Pre-progression (on trifluridine/tipiracil, 3L+)",0.72,"95% CI [0.670.73] (estimated from UK tariff, pre-progression)",EQ-5D-3L (UK tariff as reported in main analysis),126,"Bachet JB, et al. Safety, efficacy and patient-reported outcomes with trifluridine/tipiracil in pretreated metastatic colorectal cancer: results of the PRECONNECT study. ESMO Open. 2020;5(3):e000698.","PRECONNECT phase IIIb; 793 total patients from 13 countries (Ireland, Germany among others). Pre-progression utility using UK tariff; German patients subset n?126 (from 793 × 15.9%). On-treatment refractory state.",https://pmc.ncbi.nlm.nih.gov/articles/PMC7264999/,PFS-like,"pre-progression (on trifluridine/tipiracil, 3l+)",0.72
PRECONNECT2019,Germany,"Post-progression (on best supportive care or discontinued, 3L+)",0.59,not reported (estimated from post-progression decline),EQ-5D-3L (UK tariff as reported in main analysis),126,"Bachet JB, et al. Safety, efficacy and patient-reported outcomes with trifluridine/tipiracil in pretreated metastatic colorectal cancer: results of the PRECONNECT study. ESMO Open. 2020;5(3):e000698.",Same PRECONNECT cohort German subset; post-progression on BSC. Estimated utility decline from pre- to post-progression based on overall trial outcomes. PD-like state.,https://pmc.ncbi.nlm.nih.gov/articles/PMC7264999/,PD-like,"post-progression (on best supportive care or discontinued, 3l+)",0.59
Ramsey 2000,USA,Survivors (Disease-free >5yr),0.85,Not reported,HUI3,~128,,,,PFS-like,survivors (disease-free >5yr),0.85
Ramsey 2000,USA,Progressed (Died <1yr),0.65,p=0.002 vs 0.85,HUI3,10,,,,PD-like,progressed (died <1yr),0.65
Ramsey2000,US,"Survivors (long-term, disease-free)",0.85,,HUI3,312,"Ramsey SD, Andersen MR, et al. Quality of life in survivors of colorectal carcinoma. Cancer. 2000;88(6):1294-303.","PFS-like: Long-term CRC survivors; likely cured or stable, high utility.",,PFS-like,"survivors (long-term, disease-free)",0.85
Ramsey2000,USA,"""Progressed"" (died -1yr after survey)",0.65,(p=0.002 vs 0.85),HUI3,10 (died),"Ramsey et al., 2000, Cancer",Same study: patients who died within 12mo had much lower utility (0.65). Represents advanced/metastatic end-stage.,,PD-like,progressed (died -1yr after survey),0.65
Ramsey2000,USA,CRC survivors (alive at follow-up),0.85,p=0.002 vs died,HUI3 (US population),163,Community-based SEER sample; widely cited reference value,,,PFS-like,crc survivors (alive at follow-up),0.85
Ramsey2000,USA,Progressed/died (within 12 months),0.65,,HUI3 (US population),10,Small sample; used as PD proxy in many models,,,PD-like,progressed/died (within 12 months),0.65
RECOURSE trial,Global,PFS,0.76,Range: 0.720.779,EQ-5D-3L,~534,Mayer et al. 2015; NEJM 372:1909-19,,,,pfs,0.76
RECOURSE trial,Global,Progressed disease,0.68,Range: 0.590.702,EQ-5D-3L,,Used in NICE TA405,,,PD-like,progressed disease,0.68
ROS2021,Spain,"Refractory mCRC (on trifluridine/tipiracil, 3L+)",0.7,not reported (estimated from Spanish context),"Clinical outcomes (OS, PFS assessed; QoL not formally measured with utility scale)",379,"Martins AP, et al. Early Clinical Experience with Trifluridine/Tipiracil for Refractory Metastatic Colorectal Cancer: The ROS Study. Cancers. 2021;13(18):4514.",Spanish real-world cohort receiving trifluridine/tipiracil early access programme. Large n=379 refractory mCRC patients. QoL not formally measured with EQ-5D; estimated utility based on treatment efficacy and ECOG maintenance. On-treatment refractory state.,https://www.mdpi.com/2072-6694/13/18/4514/pdf,PD-like,"refractory (on trifluridine/tipiracil, 3l+)",0.7
Stein 2014,UK & NL,2L Pre-progression (PFS),0.741,SD = 0.230,EQ-5D-3L,42,,,,PFS-like,2l pre-progression (pfs),0.741
Stein 2014,UK & NL,Post-progression (PD),0.731,SD = 0.292,EQ-5D-3L,33,,,,PD-like,post-progression (pd),0.731
Stein2014,UK & Netherlands,mCRC Pre-progression (on 2nd-line treatment),0.741,SD = 0.230,EQ-5D-3L (UK tariff),42 (pre-prog),"Stein et al., 2014, Int J Colorectal Dis",Real-world 2L mCRC patients; utility while on treatment (mostly ECOG 0-2). PFS here ~0.74.,,PFS-like,pre-progression (on 2nd-line treatment),0.741
Stein2014,UK & Netherlands,mCRC Post-progression (post 2L failure),0.731,SD = 0.292,EQ-5D-3L (UK tariff),33 (post-prog),"Stein et al., 2014, Int J Colorectal Dis",Same cohort after progression or on 3L/BSC. Utility ~0.73 (only slightly lower than pre-progression).,,PD-like,post-progression (post 2l failure),0.731
Stein2014,UK & Netherlands,mCRC Pre-progression (on 2nd-line),0.741,SD = 0.230,EQ-5D-3L (UK tariff),42,"Stein et al., 2014, Int J Colorectal Dis",Real-world 2L mCRC patients. Pre-progression utility ~0.[3]74.,"Stein2014
Citation: Stein et al., 2014, International Journal of Colorectal Disease, ""Assessing health-state utility values in patients with metastatic colorectal cancer: a utility study in the United Kingdom and the Netherlands"".
URL: https://doi.org/10.1007/s00384-014-1980-1",PFS-like,pre-progression (on 2nd-line),0.741
Stein2014,UK/Netherlands,Pre-progression (2L mCRC),0.741,SD: 0.230,EQ-5D-3L (UK TTO),42,"Active treatment, ECOG 0-2",,,PFS-like,pre-progression (2l ),0.741
Stein2014,UK/Netherlands,Post-progression (3L+/BSC),0.731,SD: 0.292,EQ-5D-3L (UK TTO),33,Surprisingly similar to pre-progression,,,PD-like,post-progression (3l+/bsc),0.731
Stein2014_post,UK,"mCRC, post-progression (post 2L failure)",0.731,SD = 0.292,EQ-5D-3L (UK tariff),33,"Stein et al., 2014, Int J Colorectal Dis",Same cohort after progression: mean utility ?0.731.,https://doi.org/10.1007/s00384-014-1980-1,PD-like,", post-progression (post 2l failure)",0.731
Stein2014_pre,UK,"mCRC, pre-progression (on 2L therapy)",0.741,SD = 0.230,EQ-5D-3L (UK tariff),42,"Stein et al., 2014, Int J Colorectal Dis",Real-world 2nd-line mCRC (ECOG 02) patients: mean utility ?0.741 pre-progression.,https://doi.org/10.1007/s00384-014-1980-1,PFS-like,", pre-progression (on 2l therapy)",0.741
SUNLIGHT trial,Global,PFS,0.758,,EQ-5D-5L,~246,Prager et al. 2023; NEJM 388:1657-67,Mean utility approximated as midpoint of reported range 0.7370.779. ,,,pfs,0.758
SUNLIGHT trial,Global,Post-progression,0.68,,EQ-5D-5L,,Used in NICE TA1008,Mean utility approximated as midpoint of reported range 0.6590.702. ,,PD-like,post-progression,0.68
Tabernero2014,Spain,mCRC Baseline (1st/2nd Line),0.77,95% CI [0.750.79],EQ-5D-3L,523,"Tabernero et al., 2014, Gastrointest Cancer Res",Bevacizumab trial (included Spanish centers). Utility index stable at 0.77. Widely cited in Spanish economic evaluations.,"Tabernero2014
Citation: Tabernero et al., 2014, Gastrointestinal Cancer Research, ""Analysis of overall survival and safety from the ML18147 trial"" (often used as the source for 2L/3L Bevacizumab utilities in Spanish models).
URL: https://www.ncbi.nlm.nih.gov/pmc/articles/PMC3966160/ (PubMed Central Link)",,baseline (1st/2nd line),0.77
TALLISUR2024,Germany,"Refractory mCRC (on trifluridine/tipiracil, 3L+)",0.77,not reported (baseline EQ-5D-5L),EQ-5D-5L (German tariff),195,"Karthaus M, et al. Subgroup analyses from patients with pre-treated metastatic colorectal cancer receiving trifluridine/tipiracil: results of the TALLISUR trial. BMC Cancer. 2024;24:870.",German phase IV trial of trifluridine/tipiracil in refractory mCRC. Post-authorization surveillance data; QoL assessed with EORTC QLQ-C30 and EQ-5D-5L. On-treatment refractory state. 186 patients received FTD/TPI.,https://pmc.ncbi.nlm.nih.gov/articles/PMC11267741/,PD-like,"refractory (on trifluridine/tipiracil, 3l+)",0.77
Doyle et al. (2014),UK/Netherlands; 2nd line mCRC,PFS / Stable,0.74,not reported (baseline EQ-5D-3L),EQ-5D-3L,,,,,,pfs / stable,0.74
Doyle et al. (2014),UK/Netherlands; 2nd line mCRC,PD / Progressed,0.73,not reported (baseline EQ-5D-3L),EQ-5D-3L,,,,,PD-like,pd / progressed,0.73
NICE TA866 (2023) - SUNLIGHT trial,UK,PFS / Stable,0.76,,EQ-5D (not specified),,,,,,pfs / stable,0.76
NICE TA866 (2023) - SUNLIGHT trial,UK,PD / Progressed,0.68,,EQ-5D (not specified),,,,,PD-like,pd / progressed,0.68
Best2010,US,"Metastatic, stable",0.4,,TTO (direct valuation),CRC patients (n not specified),"Best JH, et al. Preference values associated with stage III colon cancer and adjuvant chemotherapy. Qual Life Res. 2010;19(3):391-400.",CRC patients valued metastatic stable at 0.40; community members valued same at 0.51,,,"metastatic, stable",0.4
Best2010,US,"Metastatic, progressive",0.37,,TTO (direct valuation),CRC patients (n not specified),"Best JH, et al. Preference values associated with stage III colon cancer and adjuvant chemotherapy. Qual Life Res. 2010;19(3):391-400.",CRC patients valued metastatic progressive at 0.37; community members valued same at 0.21,,,"metastatic, progressive",0.37
Petrou1997,UK,Stable disease,0.95,,SG (standard gamble),~30 proxy respondents (carers),"Petrou S, Campbell N. Stabilisation in colorectal cancer. Int J Palliat Nurs. 1997;3(5):275.",Proxy respondents (carers) due to difficulty eliciting from terminally ill patients,,,stable disease,0.95
Petrou1997,UK,Progressive disease,0.575,,SG (standard gamble),~30 proxy respondents (carers),"Petrou S, Campbell N. Stabilisation in colorectal cancer. Int J Palliat Nurs. 1997;3(5):275.",Proxy respondents (carers),,,progressive disease,0.575
Ramsey2000,US,"CRC survivors (overall, 2-3 years post-dx)",0.85,SD not reported in abstract,HUI Mark III,173,"Ramsey SD, Andersen MR, Etzioni R, et al. Quality of life in survivors of colorectal carcinoma. Cancer. 2000;88(6):1294-1303.",SURVIVOR cohort 2-3 years post-diagnosis. Average utility 0.85 for survivors vs 0.65 for those who had not achieved remission. NOT metastatic-specific; mixed stages.,,PFS-like,"crc survivors (overall, 2-3 years post-dx)",0.85
Ramsey2000,US,CRC patients not in remission,0.65,SD not reported in abstract,HUI Mark III,173 total cohort,"Ramsey SD, Andersen MR, Etzioni R, et al. Quality of life in survivors of colorectal carcinoma. Cancer. 2000;88(6):1294-1303.","Patients who had NOT achieved remission. Often used as progressed/post-progression utility in mCRC models, though original study was survivors, not active metastatic disease.",,,crc patients not in remission,0.65
Farkkila2013,Finland,Metastatic disease,0.82,95% CI ≈ [0.78–0.86],EQ-5D (UK tariff),Not specified,"Färkkilä et al., 2013, Colorectal Dis.",CRC patients with metastatic disease,,,metastatic disease,0.82
Farkkila2013,Finland,Palliative care,0.643,95% CI ≈ [0.55–0.73],EQ-5D (UK tariff),Not specified,"Färkkilä et al., 2013, Colorectal Dis.",Likely represents more advanced/progressed state,,PD-like,palliative care,0.643
Stein2014,UK/Netherlands,"Second-line mCRC, pre-progression",0.741,SD = 0.230,EQ-5D-3L,42,"Stein D, Joulain F, Naoshy S, et al. Assessing health-state utility values in patients with metastatic colorectal cancer: a utility study in the United Kingdom and the Netherlands. Int J Colorectal Dis. 2014;29(10):1203-10.",Real-world study of second-line mCRC patients; pre-progression = second or third line following AE on second line,,PFS-like,"second-line , pre-progression",0.741
Stein2014,UK/Netherlands,"Second-line mCRC, post-progression",0.731,SD = 0.292,EQ-5D-3L,33,"Stein D, Joulain F, Naoshy S, et al. Assessing health-state utility values in patients with metastatic colorectal cancer: a utility study in the United Kingdom and the Netherlands. Int J Colorectal Dis. 2014;29(10):1203-10.",Real-world study; post-progression = third or subsequent therapy lines or BSC. Similar utilities pre/post in this study.,,PD-like,"second-line , post-progression",0.731
Bennett2011,Multinational trial,First-line mCRC (Panitumumab + FOLFOX4),0.778,,EQ-5D,Trial patients (n not specified),"Bennett L, et al. Health-related quality of life in patients with metastatic colorectal cancer treated with panitumumab in first- or second-line treatment. Br J Cancer. 2011.",Trial-based first-line mCRC with targeted therapy,,,first-line (panitumumab + folfox4),0.778
Bennett2011,Multinational trial,First-line mCRC (FOLFOX4 alone),0.756,,EQ-5D,Trial patients (n not specified),"Bennett L, et al. Health-related quality of life in patients with metastatic colorectal cancer treated with panitumumab in first- or second-line treatment. Br J Cancer. 2011.",Trial-based first-line mCRC,,,first-line (folfox4 alone),0.756
Bennett2011,Multinational trial,Second-line mCRC (Panitumumab + FOLFIRI),0.769,,EQ-5D,Trial patients (n not specified),"Bennett L, et al. Health-related quality of life in patients with metastatic colorectal cancer treated with panitumumab in first- or second-line treatment. Br J Cancer. 2011.",Trial-based second-line mCRC with targeted therapy,,,second-line (panitumumab + folfiri),0.769
Bennett2011,Multinational trial,Second-line mCRC (FOLFIRI alone),0.762,,EQ-5D,Trial patients (n not specified),"Bennett L, et al. Health-related quality of life in patients with metastatic colorectal cancer treated with panitumumab in first- or second-line treatment. Br J Cancer. 2011.",Trial-based second-line mCRC,,,second-line (folfiri alone),0.762
Borchert2020,Germany,Advanced/metastatic CRC (palliative treatment),0.82,SD = 0.23,EQ-5D-5L (German value set),433,"Borchert K, Jacob C, Wetzel N, et al. Application study of the EQ-5D-5L in oncology: linking self-reported quality of life of patients with advanced or metastatic colorectal cancer to clinical data from a German tumor registry. Health Econ Rev. 2020;10:40.","Cross-sectional; patients at various stages of palliative treatment (first-line 55%, break after first 23%, second-line 16%, third+ 5%)",,PD-like,advanced/metastatic crc (palliative treatment),0.82
Ramsey2000,US,Progressed / died within 12 months,0.65,,HUI3,312,"Ramsey SD, Andersen MR, et al. Quality of life in survivors of colorectal carcinoma. Cancer. 2000;88(6):1294-303.","PD-like: Advanced, poor prognosis.",,PD-like,progressed / died within 12 months,0.65
Stein2014,UK/Netherlands,Pre-progression (2L or 3L following AE),0.741,SD 0.230,EQ-5D-3L,42,"Stein D, Joulain F, et al. Assessing health-state utility values in patients with metastatic colorectal cancer: a utility study in the United Kingdom and the Netherlands. Support Care Cancer. 2014;22(10):2681-9.","PFS-like: On active treatment, stable disease pre-progression.",,PFS-like,pre-progression (2l or 3l following ae),0.741
Stein2014,UK/Netherlands,Post-progression (3L+ or BSC),0.731,SD 0.292,EQ-5D-3L,33,"Stein D, Joulain F, et al. Assessing health-state utility values in patients with metastatic colorectal cancer: a utility study in the United Kingdom and the Netherlands. Support Care Cancer. 2014;22(10):2681-9.",PD-like: Post-progression on subsequent lines or BSC.,,PD-like,post-progression (3l+ or bsc),0.731
Färkkilä2013,Finland,Metastatic disease (not on hospice care),0.76,CI 0.699-0.823,EQ-5D,,"Färkkilä N, Sintonen H, et al. Health-related quality of life in colorectal cancer patients: a follow-up study. Anticancer Res. 2013;33(2):643-9.","PFS-like: Active mCRC, pre-palliative state.",,PFS-like,metastatic disease (not on hospice care),0.76
Mittmann2009,Canada,"Baseline (pre-progression, prior to 3L)",0.76,,HUI3,321,"Mittmann N, Trakas K, et al. Prospective cost-effectiveness analysis of cetuximab in metastatic colorectal cancer: Evaluation of national cancer institute of canada clinical trials group CO.17 Trial. J Natl Cancer Inst. 2009;101(17):1182-92.","PFS-like: Late-line, stable disease on Best Supportive Care (BSC).",,PFS-like,"baseline (pre-progression, prior to 3l)",0.76
Mittmann2009,Canada,Progression on BSC,0.66,,HUI3,,"Mittmann N, Trakas K, et al. Prospective cost-effectiveness analysis of cetuximab in metastatic colorectal cancer: Evaluation of national cancer institute of canada clinical trials group CO.17 Trial. J Natl Cancer Inst. 2009;101(17):1182-92.",PD-like: Disease progression and/or end of life.,,,progression on bsc,0.66
Al Habash (2025),Jordan,Overall mCRC Cohort (mixed lines),0.78,SD 0.250,EQ-5D-3L,164,"Al Habash K, Turfa R, et al. Measuring health-related quality of life of patients with metastatic colorectal cancer using the Jordanian EQ-5D-3L value set: a cross-sectional observational study. BMJ Open. 2025;15(11):e099635.",PFS/PD (Mixed): Included for regional and value set sensitivity analysis.,,,overall cohort (mixed lines),0.78
Ramsey2000,USA,"""Survivors"" (long-term, disease-free)",0.85,(not reported),HUI3 (Mark II/III),128 (approx),"Ramsey et al., 2000, Cancer",QoL in CRC survivors; surveyed ~5 yrs post-diagnosis. Utility=0.85 for survivors in remission.,,PFS-like,"survivors (long-term, disease-free)",0.85
Ramsey2000,USA,"""Progressed"" (died -1yr after survey)",0.65,(p=0.002 vs 0.85),HUI3,10 (died),"Ramsey et al., 2000, Cancer",Same study: patients who died within 12mo had much lower utility (0.65). Represents advanced/metastatic end-stage.,,PD-like,progressed (died -1yr after survey),0.65
Farkkila2013,Finland,mCRC Metastatic disease (not in palliative care),0.82,95% CI ≈ [0.78–0.86],EQ-5D-3L (Finnish tariff),~100 (est.),"Färkkilä et al., 2013, Colorectal Dis.",National sample of CRC patients: those with metastatic disease (on treatment) had mean EQ-5D ≈ 0.82.,,Both,metastatic disease (not in palliative care),0.82
Borchert2020,Germany,Overall mCRC population,0.82,SD 0.23,EQ-5D-5L (German value set),433,"Borchert, K., Jacob, C., Wetzel, N. et al. Application study of the EQ-5D-5L in oncology: linking self-reported quality of life of patients with advanced or metastatic colorectal cancer to clinical data from a German tumor registry. Health Econ Rev 10, 40 (2020). https://doi.org/10.1186/s13561-020-00297-6",Cross-sectional study. Utility is the mean for the overall population.,,,overall population,0.82
Borchert2020,Germany,PFS-like (First-line palliative treatment),0.82,SD 0.23,EQ-5D-5L (German value set),433,"Borchert, K., Jacob, C., Wetzel, N. et al. Application study of the EQ-5D-5L in oncology: linking self-reported quality of life of patients with advanced or metastatic colorectal cancer to clinical data from a German tumor registry. Health Econ Rev 10, 40 (2020). https://doi.org/10.1186/s13561-020-00297-6",Utility at 0 months post-enrollment.,,PD-like,pfs-like (first-line palliative treatment),0.82
Borchert2020,Germany,PD-like (Second-line or later palliative treatment),0.79,SD 0.24,EQ-5D-5L (German value set),433,"Borchert, K., Jacob, C., Wetzel, N. et al. Application study of the EQ-5D-5L in oncology: linking self-reported quality of life of patients with advanced or metastatic colorectal cancer to clinical data from a German tumor registry. Health Econ Rev 10, 40 (2020). https://doi.org/10.1186/s13561-020-00297-6",Utility at 20 months post-enrollment (lowest mean value).,,PD-like,pd-like (second-line or later palliative treatment),0.79
Borchert2020,Germany / German Tumor Registry Colorectal Cancer,Overall mCRC (Mean),0.82,SD 0.23,EQ-5D-5L (German value set),433,"Borchert K, Jacob C, Wetzel N, et al. Application study of the EQ-5D-5L in oncology: linking self-reported quality of life of patients with advanced or metastatic colorectal cancer to clinical data from a German tumor registry. Health Econ Rev. 2020;10(1):40.","Mean utility for the entire cohort, most in first-line palliative therapy.",,,overall (mean),0.82
Borchert2020,Germany / German Tumor Registry Colorectal Cancer,Palliative treatment line: First-line (Median),0.85,Estimated from Figure 5,EQ-5D-5L (German value set),N/A (Subgroup),"Borchert K, Jacob C, Wetzel N, et al. Application study of the EQ-5D-5L in oncology: linking self-reported quality of life of patients with advanced or metastatic colorectal cancer to clinical data from a German tumor registry. Health Econ Rev. 2020;10(1):40.",Proxy for PFS-like state.,,PD-like,palliative treatment line: first-line (median),0.85
Borchert2020,Germany / German Tumor Registry Colorectal Cancer,Palliative treatment line: Third-line or later (Median),0.7,Estimated from Figure 5,EQ-5D-5L (German value set),N/A (Subgroup),"Borchert K, Jacob C, Wetzel N, et al. Application study of the EQ-5D-5L in oncology: linking self-reported quality of life of patients with advanced or metastatic colorectal cancer to clinical data from a German tumor registry. Health Econ Rev. 2020;10(1):40.",Proxy for PD-like state.,,PD-like,palliative treatment line: third-line or later (median),0.7
Borchert2020,Germany,Overall mCRC (mixed PFS/PD-like states),0.82,SD: 0.23,EQ-5D-5L (German value set),433,"Borchert K, Jacob C, Wetzel N, Jänicke M, Eggers E, Sauer A, Marschner N, Altevers J, Mittendorf T, Greiner W. Application study of the EQ-5D-5L in oncology: linking self-reported quality of life of patients with advanced or metastatic colorectal cancer to clinical data from a German tumor registry. Health Econ Rev. 2020 Dec 12;10(1):40.","Cross-sectional study of patients in various stages of palliative treatment. Utility values are for the overall cohort, not distinct PFS/PD states.",,,overall (mixed pfs/pd-like states),0.82
Stintzing2020,Germany,Progression-Free Survival (PFS-like),0.73,95% CI: 0.69-0.77,EQ-5D (Model Input),,"Stintzing S, van Oostrum I, Pescott CP, Ronga P, Heeg B, Heinemann V. Cost-effectiveness of FOLFIRI + cetuximab vs FOLFIRI + bevacizumab in the first-line treatment of RAS wild-type metastatic colorectal cancer in Germany: data from the FIRE-3 (AIO KRK-0306) study. J Med Econ. 2020 May;23(5):448-455.","Utility value used as a model input for the PFS state in a German CEA, likely sourced from Stein et al. (2014).",,,progression-free survival (pfs-like),0.73
Stintzing2020,Germany,Progressive Disease (PD-like),0.59,95% CI: 0.55-0.63,EQ-5D (Model Input),,"Stintzing S, van Oostrum I, Pescott CP, Ronga P, Heeg B, Heinemann V. Cost-effectiveness of FOLFIRI + cetuximab vs FOLFIRI + bevacizumab in the first-line treatment of RAS wild-type metastatic colorectal cancer in Germany: data from the FIRE-3 (AIO KRK-0306) study. J Med Econ. 2020 May;23(5):448-455.","Utility value used as a model input for the PD state in a German CEA, likely sourced from Stein et al. (2014).",,,progressive disease (pd-like),0.59
NCPE2014,Ireland,Stable Disease (PFS-like),0.78,Not reported in summary,EQ-5D based (Model Input),,National Centre for Pharmacoeconomics. Cost effectiveness of aflibercept (Zaltrap®) in combination with FOLFIRI in the treatment of adult patients with metastatic colorectal cancer (mCRC) that is resistant to or has progressed after an oxaliplatin-containing regimen. February 2014. [Summary for website],Utility value used as a model input in the Irish HTA. Derived from an interim analysis of the ASQoP study.,,,stable disease (pfs-like),0.78
NCPE2014,Ireland,Progressed Disease (PD-like),0.71,Not reported in summary,EQ-5D based (Model Input),,National Centre for Pharmacoeconomics. Cost effectiveness of aflibercept (Zaltrap®) in combination with FOLFIRI in the treatment of adult patients with metastatic colorectal cancer (mCRC) that is resistant to or has progressed after an oxaliplatin-containing regimen. February 2014. [Summary for website],Utility value used as a model input in the Irish HTA. Derived from a manufacturer-conducted study.,,PD-like,progressed disease (pd-like),0.71
Rivera2017,Spain,Progression free (PFS-like),0.768,Not reported,EQ-5D,104,"Rivera F, Valladares M, Gea S, López-Martínez N. Cost-effectiveness analysis in the Spanish setting of the PEAK trial of panitumumab plus mFOLFOX6 compared with bevacizumab plus mFOLFOX6 for first-line treatment of patients with wild-type RAS metastatic colorectal cancer. J Med Econ. 2017;20(6):574-584.","Utility values for the model's health states (Progression free, Progressive disease) were derived from patient-level data from panitumumab trials, likely Wang et al. (2011).",,,progression free (pfs-like),0.768
Rivera2017,Spain,Progressive disease (PD-like),0.632,Not reported,EQ-5D,68,"Rivera F, Valladares M, Gea S, López-Martínez N. Cost-effectiveness analysis in the Spanish setting of the PEAK trial of panitumumab plus mFOLFOX6 compared with bevacizumab plus mFOLFOX6 for first-line treatment of patients with wild-type RAS metastatic colorectal cancer. J Med Econ. 2017;20(6):574-584.","Utility values for the model's health states (Progression free, Progressive disease) were derived from patient-level data from panitumumab trials, likely Wang et al. (2011).",,,progressive disease (pd-like),0.632
Rivera2017,Spain,Progression-free,0.821,Not reported,EQ-5D (Source: Patient-level data from panitumumab trials),Not reported,"Rivera F, Valladares M, Gea S, López-Martínez N. Cost-effectiveness analysis in the Spanish setting of the PEAK trial of panitumumab plus mFOLFOX6 compared with bevacizumab plus mFOLFOX6 for first-line treatment of patients with wild-type RAS metastatic colorectal cancer. J Med Econ. 2017 Jun;20(6):574-584.",Utility values were calculated from patient-level EQ-5D data from panitumumab trials and validated by local clinical experts in mCRC.,,,progression-free,0.821
Rivera2017,Spain,Progressive disease: Treat with subsequent active therapy,0.78,Not reported,EQ-5D (Source: Patient-level data from panitumumab trials),Not reported,"Rivera F, Valladares M, Gea S, López-Martínez N. Cost-effectiveness analysis in the Spanish setting of the PEAK trial of panitumumab plus mFOLFOX6 compared with bevacizumab plus mFOLFOX6 for first-line treatment of patients with wild-type RAS metastatic colorectal cancer. J Med Econ. 2017 Jun;20(6):574-584.",Utility values were calculated from patient-level EQ-5D data from panitumumab trials and validated by local clinical experts in mCRC.,,,progressive disease: treat with subsequent active therapy,0.78
Rivera2017,Spain,Progressive disease: Treat with best supportive care,0.68,Not reported,EQ-5D (Source: Patient-level data from panitumumab trials),Not reported,"Rivera F, Valladares M, Gea S, López-Martínez N. Cost-effectiveness analysis in the Spanish setting of the PEAK trial of panitumumab plus mFOLFOX6 compared with bevacizumab plus mFOLFOX6 for first-line treatment of patients with wild-type RAS metastatic colorectal cancer. J Med Econ. 2017 Jun;20(6):574-584.",Utility values were calculated from patient-level EQ-5D data from panitumumab trials and validated by local clinical experts in mCRC.,,PD-like,progressive disease: treat with best supportive care,0.68
Rivera2017,Spain,Attempted resection of metastases,0.78,Not reported,EQ-5D (Source: Patient-level data from panitumumab trials),Not reported,"Rivera F, Valladares M, Gea S, López-Martínez N. Cost-effectiveness analysis in the Spanish setting of the PEAK trial of panitumumab plus mFOLFOX6 compared with bevacizumab plus mFOLFOX6 for first-line treatment of patients with wild-type RAS metastatic colorectal cancer. J Med Econ. 2017 Jun;20(6):574-584.",Utility values were calculated from patient-level EQ-5D data from panitumumab trials and validated by local clinical experts in mCRC.,,,attempted resection of metastases,0.78
Rivera2017,Spain,Disease free after metastases resection,0.93,Not reported,EQ-5D (Source: Patient-level data from panitumumab trials),Not reported,"Rivera F, Valladares M, Gea S, López-Martínez N. Cost-effectiveness analysis in the Spanish setting of the PEAK trial of panitumumab plus mFOLFOX6 compared with bevacizumab plus mFOLFOX6 for first-line treatment of patients with wild-type RAS metastatic colorectal cancer. J Med Econ. 2017 Jun;20(6):574-584.",Utility values were calculated from patient-level EQ-5D data from panitumumab trials and validated by local clinical experts in mCRC.,,,disease free after metastases resection,0.93
Rivera2017,Spain,Progressive disease: after resection and relapse,0.68,Not reported,EQ-5D (Source: Patient-level data from panitumumab trials),Not reported,"Rivera F, Valladares M, Gea S, López-Martínez N. Cost-effectiveness analysis in the Spanish setting of the PEAK trial of panitumumab plus mFOLFOX6 compared with bevacizumab plus mFOLFOX6 for first-line treatment of patients with wild-type RAS metastatic colorectal cancer. J Med Econ. 2017 Jun;20(6):574-584.",Utility values were calculated from patient-level EQ-5D data from panitumumab trials and validated by local clinical experts in mCRC.,,,progressive disease: after resection and relapse,0.68
Anton2019,Spain,"FOLFOX (PFS-like, on treatment)",0.78,Not reported (Adopted from Lairson et al.²?),Not reported (Adopted from Lairson et al.²?),Not reported (Adopted from Lairson et al.²?),"Antón Rodríguez, C., Abal Posada, M., Alonso Alconada, L., Candamio Folgar, S., López López, R., & Martín-Saborido, C. (2019). Monitoring treatment response in metastasic colorectal cancer: Economic evaluation of PrediCTC versus computed tomography scan. Global & Regional Health Technology Assessment, 2019, 2284240319858331.",Utility values adopted from international literature for use in a Spanish cost-utility model for mCRC.,,,"folfox (pfs-like, on treatment)",0.78
Anton2019,Spain,"FOLFIRI (PFS-like, on treatment)",0.75,Not reported (Adopted from Starling et al.²¹),Not reported (Adopted from Starling et al.²¹),Not reported (Adopted from Starling et al.²¹),"Antón Rodríguez, C., Abal Posada, M., Alonso Alconada, L., Candamio Folgar, S., López López, R., & Martín-Saborido, C. (2019). Monitoring treatment response in metastasic colorectal cancer: Economic evaluation of PrediCTC versus computed tomography scan. Global & Regional Health Technology Assessment, 2019, 2284240319858331.",Utility values adopted from international literature for use in a Spanish cost-utility model for mCRC.,,,"folfiri (pfs-like, on treatment)",0.75
Anton2019,Spain,"Capecitabine (PFS-like, on treatment)",0.78,Not reported (Adopted from Orchard et al.²²),Not reported (Adopted from Orchard et al.²²),Not reported (Adopted from Orchard et al.²²),"Antón Rodríguez, C., Abal Posada, M., Alonso Alconada, L., Candamio Folgar, S., López López, R., & Martín-Saborido, C. (2019). Monitoring treatment response in metastasic colorectal cancer: Economic evaluation of PrediCTC versus computed tomography scan. Global & Regional Health Technology Assessment, 2019, 2284240319858331.",Utility values adopted from international literature for use in a Spanish cost-utility model for mCRC.,,,"capecitabine (pfs-like, on treatment)",0.78
Anton2019,Spain,"Panitumumab (PFS-like, on treatment)",0.81,Not reported (Adopted from Hoyle et al.²³),Not reported (Adopted from Hoyle et al.²³),Not reported (Adopted from Hoyle et al.²³),"Antón Rodríguez, C., Abal Posada, M., Alonso Alconada, L., Candamio Folgar, S., López López, R., & Martín-Saborido, C. (2019). Monitoring treatment response in metastasic colorectal cancer: Economic evaluation of PrediCTC versus computed tomography scan. Global & Regional Health Technology Assessment, 2019, 2284240319858331.",Utility values adopted from international literature for use in a Spanish cost-utility model for mCRC.,,,"panitumumab (pfs-like, on treatment)",0.81
Anton2019,Spain,"Best Supportive Treatment (PD-like, palliative)",0.69,Not reported (Adopted from Hoyle et al.²³),Not reported (Adopted from Hoyle et al.²³),Not reported (Adopted from Hoyle et al.²³),"Antón Rodríguez, C., Abal Posada, M., Alonso Alconada, L., Candamio Folgar, S., López López, R., & Martín-Saborido, C. (2019). Monitoring treatment response in metastasic colorectal cancer: Economic evaluation of PrediCTC versus computed tomography scan. Global & Regional Health Technology Assessment, 2019, 2284240319858331.",Utility values adopted from international literature for use in a Spanish cost-utility model for mCRC.,,PD-like,"best supportive treatment (pd-like, palliative)",0.69
Anton2019,Spain,"Peripheral Neuropathy (PD-like, side effect)",0.44,Not reported (Adopted from Currie et al.²?),Not reported (Adopted from Currie et al.²?),Not reported (Adopted from Currie et al.²?),"Antón Rodríguez, C., Abal Posada, M., Alonso Alconada, L., Candamio Folgar, S., López López, R., & Martín-Saborido, C. (2019). Monitoring treatment response in metastasic colorectal cancer: Economic evaluation of PrediCTC versus computed tomography scan. Global & Regional Health Technology Assessment, 2019, 2284240319858331.",Utility values adopted from international literature for use in a Spanish cost-utility model for mCRC.,,,"peripheral neuropathy (pd-like, side effect)",0.44
Paly2024,Spain,"PFS-like (No Progression, No Grade 3 AE)",0.64,Not reported,"EQ-5D-5L (Mapped, multi-country value set)",691,"Paly, V., Alfonso, P. G., Chong, G., Yoshino, T., et al. (2024). Quality of Life Impact of Adverse Events Associated With Systemic Therapies for Metastatic Colorectal Cancer Previously Treated With Standard Therapies and Biologics Across 13 Countries in Europe, North America, and Asia. Value in Health, 27(6), S1098-3015(24)06199-0.",Estimated utility from a mixed-effects regression model. Centered baseline utility.,,,"pfs-like (no progression, no grade 3 ae)",0.64
Paly2024,Spain,PD-like (Progressive Disease),0.595,Not reported,"EQ-5D-5L (Mapped, multi-country value set)",691,"Paly, V., Alfonso, P. G., Chong, G., Yoshino, T., et al. (2024). Quality of Life Impact of Adverse Events Associated With Systemic Therapies for Metastatic Colorectal Cancer Previously Treated With Standard Therapies and Biologics Across 13 Countries in Europe, North America, and Asia. Value in Health, 27(6), S1098-3015(24)06199-0.",Estimated utility (0.6398 - 0.0448 decrement).,,,pd-like (progressive disease),0.595
Paly2024,Spain,PD-like (Progressive Disease + Ongoing Grade 3 AE),0.491,Not reported,"EQ-5D-5L (Mapped, multi-country value set)",691,"Paly, V., Alfonso, P. G., Chong, G., Yoshino, T., et al. (2024). Quality of Life Impact of Adverse Events Associated With Systemic Therapies for Metastatic Colorectal Cancer Previously Treated With Standard Therapies and Biologics Across 13 Countries in Europe, North America, and Asia. Value in Health, 27(6), S1098-3015(24)06199-0.",Estimated utility (0.5950 - 0.1041 decrement).,,,pd-like (progressive disease + ongoing grade 3 ae),0.491
